,alert_key,probability
0,357307,0.01114743096961657
1,376329,0.0
2,373644,0.0
3,357668,0.04307925510853854
4,354443,0.0
5,361128,0.3766384142177738
6,364753,0.3552621643551923
7,365254,0.0
8,375177,0.0
9,360609,0.16313159468933344
10,362463,0.024568049018708724
11,371048,0.0
12,368703,0.0
13,376496,0.0
14,369160,0.0
15,373250,0.0
16,357108,0.0
17,377450,0.0
18,377489,0.0
19,369183,0.0
20,375786,0.0
21,367385,0.0
22,359961,0.0
23,372097,0.0
24,374437,0.0
25,372786,0.0
26,373652,0.0
27,368288,0.0
28,369001,0.0
29,357471,0.015347292799579054
30,373249,0.0
31,371557,0.0
32,363442,0.3402340538848487
33,367901,0.0
34,356228,0.014958007715234097
35,366990,0.0
36,353518,0.012359651175814149
37,366992,0.0
38,366277,0.0
39,370571,0.0
40,355197,0.0
41,370278,0.0
42,376567,0.0
43,368268,0.0
44,368570,0.0
45,371768,0.0
46,369612,0.0
47,353241,0.0
48,364675,0.014958007715234097
49,358723,0.0
50,354007,0.09188324010484435
51,376117,0.0
52,367018,0.0
53,370240,0.0
54,355816,0.0
55,360063,0.0
56,367684,0.0
57,354047,0.04331756178233129
58,359605,0.060629392725998675
59,358227,0.0
60,366963,0.0
61,355808,0.0
62,367535,0.0
63,362125,0.0
64,356795,0.0
65,364626,0.15999458794227206
66,371637,0.0
67,361856,0.0
68,369164,0.0
69,362723,0.0
70,356790,0.014550993758804072
71,372305,0.0
72,365739,0.0
73,370233,0.0
74,371793,0.0
75,356638,0.0
76,358254,0.037486397299795075
77,355751,0.03974274347739412
78,358216,0.023350100372431876
79,367366,0.0
80,363261,0.0
81,378018,0.0
82,359854,0.0
83,355188,0.0
84,360842,0.022397365421220408
85,354853,0.0
86,357485,0.0
87,376503,0.0
88,371279,0.0
89,358458,0.0
90,360264,0.019876890203416396
91,353868,0.0
92,363136,0.0
93,361003,0.0
94,373477,0.0
95,376103,0.0
96,364190,0.0
97,374318,0.0
98,356306,0.0
99,360401,0.01114743096961657
100,354820,0.0
101,365325,0.0
102,367417,0.0
103,358172,0.0
104,353872,0.24821844575210147
105,368580,0.0
106,366708,0.0
107,365595,0.0
108,359647,0.0
109,372343,0.0
110,360589,0.0
111,372795,0.0
112,371639,0.0
113,364695,0.04484365957199514
114,370248,0.0
115,369444,0.0
116,355181,0.0
117,367216,0.0
118,375775,0.0
119,378068,0.0
120,358331,0.0
121,356245,0.03974274347739412
122,367533,0.0
123,374525,0.0
124,367893,0.0
125,376644,0.0
126,361282,0.014958007715234097
127,376785,0.0
128,361270,0.03976947405672323
129,376080,0.0
130,368682,0.0
131,369990,0.0
132,355775,0.02731061759510888
133,359483,0.0
134,364253,0.03974274347739412
135,375891,0.0
136,363763,0.0
137,377761,0.0
138,363459,0.0
139,376304,0.0
140,374936,0.0
141,365467,0.0
142,366252,0.0
143,361314,0.03234265584343801
144,372124,0.0
145,355384,0.04227857291625763
146,361166,0.0810988633823061
147,357448,0.04331756178233129
148,376098,0.0
149,357069,0.0
150,366687,0.0
151,374428,0.0
152,368724,0.0
153,367897,0.0
154,365876,0.0
155,378410,0.0
156,353835,0.0
157,354842,0.0
158,352876,0.03974274347739412
159,364678,0.3766384142177738
160,376490,0.0
161,367421,0.0
162,363916,0.0
163,372347,0.0
164,356951,0.0
165,368577,0.0
166,356045,0.0
167,371280,0.0
168,360011,0.0
169,371626,0.0
170,354261,0.0
171,360409,0.0
172,357498,0.0
173,376073,0.0
174,375311,0.0
175,359775,0.0
176,353861,0.0
177,362890,0.0
178,366823,0.0
179,357507,0.008496050567836607
180,357221,0.1584739783381165
181,366696,0.0
182,359648,0.0
183,357871,0.0
184,366624,0.0
185,357671,0.0
186,364686,0.3552621643551923
187,375306,0.0
188,377933,0.0
189,355411,0.0
190,354673,0.26090888369059895
191,368901,0.0
192,373256,0.0
193,370153,0.0
194,371749,0.0
195,353860,0.0
196,370243,0.0
197,356784,0.0
198,357509,0.0
199,364640,0.39413903667031824
200,369808,0.0
201,354049,0.0
202,361566,0.0
203,369145,0.0
204,368524,0.0
205,354246,0.04484365957199514
206,367543,0.0
207,375035,0.0
208,367691,0.0
209,367217,0.0
210,363771,0.0
211,359340,0.00807687322596356
212,370161,0.0
213,365578,0.0
214,353385,0.049581234366192564
215,358046,0.0
216,374575,0.0
217,367418,0.0
218,372812,0.0
219,374463,0.0
220,357882,0.0810988633823061
221,358808,0.020236103534511395
222,357222,0.0
223,365617,0.0
224,378407,0.0
225,360566,0.0
226,363102,0.08259000755088941
227,373444,0.0
228,369593,0.0
229,364319,0.0
230,353888,0.0
231,369464,0.0
232,357324,0.0
233,363320,0.0
234,362725,0.1406381719607129
235,372794,0.0
236,377432,0.0
237,371421,0.0
238,375460,0.0
239,374577,0.0
240,374600,0.0
241,353200,0.0
242,377808,0.0
243,357128,0.0
244,369186,0.0
245,357297,0.0
246,370276,0.0
247,360576,0.0
248,365579,0.0
249,370256,0.0
250,365349,0.0
251,369617,0.0
252,367888,0.0
253,370918,0.0
254,372959,0.0
255,365750,0.0
256,360553,0.0
257,360596,0.24821844575210147
258,355202,0.0
259,360387,0.04289115349386179
260,364293,0.3552621643551923
261,354595,0.0
262,366062,0.0
263,373254,0.0
264,361133,0.0
265,361136,0.010850777269515912
266,374929,0.0
267,373237,0.0
268,358178,0.0
269,376890,0.0
270,354663,0.0
271,377801,0.0
272,367574,0.0
273,355155,0.02529279815634263
274,355378,0.05921939762502523
275,357488,0.0
276,363863,0.0
277,363284,0.0
278,367422,0.0
279,363886,0.009620396779225234
280,375931,0.0
281,364165,0.03894485363324447
282,367170,0.0
283,357661,0.0
284,364302,0.03894485363324447
285,374464,0.0
286,363478,0.1584739783381165
287,363289,0.025298739501394777
288,361848,0.0
289,356418,0.0
290,373804,0.0
291,357287,0.0
292,357322,0.0
293,362586,0.0079941222048716
294,377954,0.0
295,367370,0.0
296,369395,0.0
297,375995,0.0
298,372636,0.0
299,355196,0.0
300,355397,0.03520218494994521
301,364734,0.3552621643551923
302,354211,0.0
303,374429,0.0
304,368544,0.0
305,369619,0.0
306,369455,0.0
307,378106,0.0
308,366077,0.0
309,356395,0.014958007715234097
310,368742,0.0
311,367726,0.0
312,362735,0.009620396779225234
313,364316,0.04766606547668074
314,369816,0.0
315,358569,0.0
316,373405,0.0
317,370724,0.0
318,358040,0.017686099890265095
319,354417,0.0
320,355801,0.0
321,372901,0.0
322,373383,0.0
323,371622,0.0
324,365771,0.0
325,377454,0.0
326,377351,0.0
327,357064,0.10283865655057699
328,361456,0.0
329,372803,0.0
330,362823,0.014958007715234097
331,357905,0.0
332,369344,0.0
333,365908,0.0
334,369945,0.0
335,364201,0.0
336,377798,0.0
337,373805,0.0
338,373825,0.0
339,368990,0.0
340,356789,0.0
341,360833,0.015406332076389908
342,377610,0.0
343,376640,0.0
344,376215,0.0
345,352651,0.0
346,360254,0.024568049018708724
347,375567,0.0
348,352558,0.010647064155341808
349,362226,0.024568049018708724
350,378082,0.0
351,360572,0.0
352,369323,0.0
353,373235,0.0
354,375292,0.0
355,368098,0.0
356,361576,0.014958007715234097
357,366676,0.0
358,365251,0.0
359,356214,0.019175595639123855
360,375409,0.0
361,356017,0.0
362,365326,0.0
363,361431,0.012522698096017684
364,354607,0.027259177698430274
365,377604,0.0
366,366516,0.0
367,354642,0.0
368,366717,0.0
369,370834,0.0
370,362131,0.04484365957199514
371,366707,0.0
372,352249,0.0
373,378404,0.0
374,356612,0.040641476798206407
375,354928,0.0
376,367398,0.0
377,371289,0.0
378,371058,0.0
379,372843,0.0
380,375901,0.0
381,365618,0.0
382,359371,0.012522698096017684
383,368745,0.0
384,374116,0.0
385,358199,0.0
386,367552,0.0
387,356588,0.03865469044897997
388,355090,0.0
389,355418,0.15018551064230465
390,361617,0.25253994585841055
391,370551,0.0
392,368414,0.0
393,367389,0.0
394,366859,0.0
395,362147,0.0
396,367410,0.0
397,366598,0.0
398,361008,0.011287624820389267
399,366121,0.0
400,361706,0.00807687322596356
401,371969,0.0
402,358482,0.03974274347739412
403,372702,0.0
404,355558,0.0
405,355762,0.03974274347739412
406,374098,0.0
407,367003,0.0
408,369187,0.0
409,354448,0.024568049018708724
410,375315,0.0
411,354218,0.0
412,370380,0.0
413,370266,0.0
414,367518,0.0
415,359732,0.0
416,369472,0.0
417,366125,0.0
418,371405,0.0
419,358443,0.0
420,372540,0.0
421,376216,0.0
422,370733,0.0
423,357849,0.010647064155341808
424,354780,0.027259177698430274
425,366082,0.0
426,353172,0.02460464984418294
427,354054,0.0
428,369299,0.0
429,376235,0.0
430,366666,0.0
431,368422,0.0
432,358464,0.0
433,360604,0.0
434,372678,0.0
435,371773,0.0
436,356216,0.07251712590193367
437,366821,0.0
438,355753,0.0
439,376919,0.0
440,355204,0.0
441,361822,0.04331756178233129
442,357259,0.03802855210156081
443,369177,0.0
444,356410,0.0
445,352343,0.0
446,353878,0.010647064155341808
447,360232,0.03974274347739412
448,364977,0.019175595639123855
449,360079,0.0
450,373121,0.0
451,355179,0.03974274347739412
452,366104,0.0
453,376684,0.0
454,356316,0.0
455,360034,0.0
456,359639,0.008216137475581227
457,369876,0.0
458,354245,0.0
459,377775,0.0
460,377464,0.0
461,377202,0.0
462,364038,0.014958007715234097
463,364184,0.0
464,372130,0.0
465,354177,0.0
466,370913,0.0
467,364278,0.008216137475581227
468,374328,0.0
469,368043,0.0
470,378102,0.0
471,354831,0.0
472,370005,0.0
473,377196,0.0
474,364169,0.0
475,371926,0.0
476,365262,0.0
477,362298,0.0
478,370220,0.0
479,358472,0.0
480,363746,0.1337521094213486
481,373238,0.0
482,363909,0.0
483,376811,0.0
484,373654,0.0
485,361711,0.0
486,358248,0.0
487,356949,0.0
488,371801,0.0
489,357715,0.0461643005880358
490,365320,0.0
491,376995,0.0
492,357866,0.0
493,364318,0.0
494,370886,0.0
495,370899,0.0
496,376986,0.0
497,368560,0.0
498,373813,0.0
499,354603,0.0
500,358850,0.0
501,369968,0.0
502,371300,0.0
503,373950,0.0
504,372907,0.0
505,371825,0.0
506,370142,0.0
507,359377,0.0
508,372558,0.0
509,358036,0.04484365957199514
510,366094,0.0
511,355909,0.0
512,370582,0.0
513,374554,0.0
514,361690,0.010647064155341808
515,377037,0.0
516,357478,0.0
517,364454,0.2968123493976818
518,376349,0.0
519,356742,0.0
520,365247,0.0
521,353549,0.0
522,354260,0.0
523,358593,0.009620396779225234
524,374434,0.0
525,376668,0.0
526,354661,0.05295540727478165
527,375618,0.0
528,364191,0.008705083269456794
529,363143,0.0
530,363472,0.0
531,364717,0.03974274347739412
532,360998,0.10768179341861589
533,360820,0.008705083269456794
534,369325,0.0
535,378049,0.0
536,356966,0.0
537,371286,0.0
538,356624,0.060629392725998675
539,372962,0.0
540,368998,0.0
541,364667,0.011455412876321038
542,377467,0.0
543,371601,0.0
544,358250,0.0
545,364735,0.07630253625971709
546,367178,0.0
547,371407,0.0
548,363569,0.0
549,375437,0.0
550,361552,0.0
551,371299,0.0
552,367355,0.0
553,355822,0.0
554,359131,0.0
555,354609,0.0
556,368993,0.0
557,368051,0.0
558,358252,0.0
559,370560,0.0
560,353236,0.0
561,358946,0.03894485363324447
562,368083,0.0
563,378380,0.0
564,365186,0.0
565,369126,0.0
566,372357,0.0
567,358834,0.04484365957199514
568,375474,0.0
569,374452,0.0
570,376901,0.0
571,356246,0.0
572,358273,0.0
573,366697,0.0
574,366881,0.0
575,367731,0.0
576,365166,0.0
577,362225,0.1406381719607129
578,358455,0.0
579,377952,0.0
580,359642,0.0
581,369991,0.0
582,359656,0.0
583,360652,0.0
584,367341,0.0
585,358993,0.012647935511171967
586,376781,0.0
587,361839,0.014958007715234097
588,352487,0.0
589,360225,0.07630253625971709
590,369594,0.0
591,363767,0.0
592,366649,0.0
593,367549,0.0
594,352858,0.0
595,365310,0.0
596,357848,0.04484365957199514
597,373253,0.0
598,367513,0.0
599,363788,0.0
600,369462,0.0
601,371786,0.0
602,370212,0.0
603,355791,0.0
604,367713,0.0
605,366126,0.0
606,360081,0.1588543003241359
607,364186,0.0
608,355388,0.0
609,361298,0.0
610,370152,0.0
611,353032,0.0
612,376493,0.0
613,357237,0.0
614,369629,0.0
615,369996,0.0
616,376108,0.0
617,357294,0.020583932870455318
618,368565,0.0
619,374732,0.0
620,367010,0.0
621,357313,0.0
622,368382,0.0
623,377652,0.0
624,359652,0.0
625,367906,0.0
626,365768,0.0
627,361295,0.13044318380268952
628,369989,0.0
629,362955,0.0
630,367534,0.0
631,358229,0.0
632,366863,0.0
633,359499,0.0
634,373210,0.0
635,355566,0.0
636,376914,0.0
637,374462,0.0
638,364692,0.011158478109095713
639,370268,0.0
640,354263,0.0
641,366889,0.0
642,361143,0.0
643,374770,0.0
644,367388,0.0
645,359500,0.0
646,365180,0.0
647,358235,0.0
648,361011,0.0
649,362227,0.0
650,363276,0.0
651,361843,0.024568049018708724
652,365409,0.0
653,356055,0.0
654,368681,0.0
655,354662,0.0
656,375911,0.0
657,367401,0.0
658,365270,0.0
659,373835,0.0
660,370167,0.0
661,378397,0.0
662,361024,0.0
663,361000,0.0
664,375602,0.0
665,356787,0.0
666,365461,0.0
667,377303,0.0
668,362853,0.0
669,363588,0.0
670,366059,0.0
671,370900,0.0
672,367633,0.0
673,353047,0.0
674,352254,0.10094450982807697
675,367372,0.0
676,367874,0.0
677,377792,0.0
678,358033,0.024568049018708724
679,360567,0.0
680,356140,0.04766606547668074
681,371589,0.0
682,352685,0.0
683,362871,0.0
684,365734,0.0
685,358253,0.03976947405672323
686,369012,0.0
687,355795,0.0
688,361280,0.0
689,371970,0.0
690,358144,0.17136421570256294
691,367550,0.0
692,366502,0.0
693,368380,0.0
694,365769,0.0
695,374140,0.0
696,360288,0.03974274347739412
697,355436,0.0
698,373460,0.0
699,374126,0.0
700,354854,0.0
701,361286,0.0
702,363137,0.011158478109095713
703,356632,0.0
704,371971,0.0
705,355673,0.0
706,372810,0.0
707,354413,0.012359651175814149
708,375060,0.0
709,376093,0.0
710,367185,0.0
711,365589,0.0
712,361296,0.15339603873723032
713,359362,0.014958007715234097
714,355222,0.0
715,357116,0.0
716,355667,0.0
717,354824,0.0
718,372512,0.0
719,364109,0.0
720,373992,0.0
721,377624,0.0
722,359828,0.0
723,364193,0.0
724,378186,0.0
725,366845,0.0
726,374919,0.0
727,353209,0.0
728,367409,0.0
729,360847,0.0
730,372692,0.0
731,370902,0.0
732,371250,0.0
733,364739,0.012359651175814149
734,362483,0.0
735,356303,0.0
736,354612,0.0
737,373105,0.0
738,357701,0.0
739,353213,0.0
740,373452,0.0
741,356859,0.0
742,363896,0.25253994585841055
743,358616,0.043122879956595944
744,375696,0.0
745,365246,0.0
746,367733,0.0
747,360037,0.0
748,355147,0.0
749,375442,0.0
750,355362,0.0
751,356601,0.0
752,357081,0.10283865655057699
753,366888,0.0
754,355761,0.0
755,360018,0.011287624820389267
756,365073,0.3364021890945457
757,373461,0.0
758,365735,0.0
759,370569,0.0
760,354616,0.0462742551266296
761,374315,0.0
762,374920,0.0
763,352866,0.0
764,360562,0.0
765,367191,0.0
766,375049,0.0
767,360292,0.024568049018708724
768,364986,0.09188324010484435
769,360293,0.0
770,358264,0.0
771,358721,0.039375984938465294
772,377455,0.0
773,355776,0.009620396779225234
774,359498,0.0
775,360058,0.04227857291625763
776,375784,0.0
777,365313,0.0
778,373091,0.0
779,362153,0.3402340538848487
780,374113,0.0
781,354226,0.0
782,368734,0.0
783,365420,0.0
784,375210,0.0
785,370287,0.0
786,371411,0.0
787,366693,0.0
788,369784,0.0
789,366108,0.0
790,356611,0.07251111667845934
791,364195,0.15999458794227206
792,372136,0.0
793,360046,0.0
794,359768,0.0
795,370538,0.0
796,357442,0.0
797,359255,0.0
798,362273,0.0
799,360997,0.0
800,367688,0.0
801,375293,0.0
802,376889,0.0
803,368416,0.0
804,370187,0.0
805,362930,0.0
806,367334,0.0
807,372683,0.0
808,373683,0.0
809,362800,0.0
810,371642,0.0
811,358063,0.0
812,358195,0.009620396779225234
813,375297,0.0
814,363040,0.17136421570256294
815,361589,0.0
816,371609,0.0
817,358066,0.0
818,376646,0.0
819,370125,0.0
820,365197,0.0
821,372255,0.0
822,366674,0.0
823,352472,0.04484365957199514
824,375457,0.0
825,374292,0.0
826,360954,0.0
827,374330,0.0
828,358970,0.027259177698430274
829,362208,0.0
830,378426,0.0
831,355757,0.02660402254097452
832,366853,0.0
833,366498,0.0
834,361860,0.07641771296155977
835,368246,0.0
836,365460,0.0
837,367218,0.0
838,369625,0.0
839,357695,0.0
840,372090,0.0
841,366273,0.0
842,368974,0.0
843,353059,0.03779758857323369
844,367724,0.0
845,371618,0.0
846,355813,0.0
847,370382,0.0
848,375615,0.0
849,372796,0.0
850,367847,0.0
851,365415,0.0
852,364706,0.039375984938465294
853,354804,0.04849196819949691
854,371605,0.0
855,364488,0.08300916759632841
856,367523,0.0
857,365761,0.0
858,368733,0.0
859,376657,0.0
860,356968,0.0462742551266296
861,366954,0.0
862,360088,0.0
863,364020,0.0
864,353396,0.0
865,364751,0.027259177698430274
866,355156,0.0
867,361001,0.0
868,361857,0.0
869,372251,0.0
870,356765,0.0
871,365269,0.0
872,369814,0.0
873,364315,0.0
874,354220,0.009620396779225234
875,368675,0.0
876,372888,0.0
877,355705,0.0
878,377783,0.0
879,364983,0.07985671029232988
880,366490,0.0
881,358138,0.0
882,361446,0.03974274347739412
883,377797,0.0
884,369015,0.0
885,374784,0.0
886,352329,0.0
887,369279,0.0
888,354788,0.03234265584343801
889,367743,0.0
890,359654,0.0
891,356300,0.0
892,357458,0.0
893,364312,0.0
894,368858,0.0
895,374758,0.0
896,376242,0.0
897,371417,0.0
898,371047,0.0
899,372569,0.0
900,355806,0.0
901,371771,0.0
902,354630,0.0
903,368518,0.0
904,365272,0.0
905,353233,0.0
906,365206,0.0
907,359134,0.0
908,354836,0.0
909,367577,0.0
910,365432,0.0
911,354790,0.0
912,355380,0.0
913,369176,0.0
914,360651,0.0
915,357107,0.0
916,361705,0.016201658179983414
917,371264,0.0
918,371254,0.0
919,374754,0.0
920,364770,0.0
921,369982,0.0
922,358071,0.0
923,359653,0.0
924,373467,0.0
925,358481,0.0
926,357702,0.0
927,356407,0.15517665096887814
928,372309,0.0
929,362953,0.2968123493976818
930,358207,0.0
931,355756,0.07630253625971709
932,372231,0.0
933,357682,0.0
934,359477,0.019175595639123855
935,365195,0.0
936,369465,0.0
937,359607,0.0
938,357497,0.0
939,359610,0.0
940,352686,0.0
941,361450,0.0
942,356629,0.0
943,372689,0.0
944,374939,0.0
945,357233,0.03894485363324447
946,366662,0.0
947,357089,0.0
948,367392,0.0
949,360516,0.0
950,362285,0.1864584125425312
951,364041,0.0
952,352497,0.0
953,371655,0.0
954,377639,0.0
955,375601,0.0
956,371636,0.0
957,356037,0.0
958,365383,0.0
959,355724,0.3552621643551923
960,354446,0.0
961,358001,0.0
962,363918,0.0
963,376906,0.0
964,358977,0.0
965,376123,0.0
966,373958,0.0
967,371393,0.0
968,374913,0.0
969,366689,0.0
970,359244,0.0
971,364200,0.0118727094534602
972,364289,0.008705083269456794
973,353545,0.060629392725998675
974,363770,0.0
975,354810,0.0
976,365888,0.0
977,364176,0.0
978,378403,0.0
979,361303,0.0
980,361118,0.0
981,353248,0.0
982,356484,0.0206980363260427
983,354619,0.0
984,369815,0.0
985,355426,0.009620396779225234
986,363905,0.0
987,371832,0.0
988,352700,0.0
989,370155,0.0
990,373245,0.0
991,368573,0.0
992,362458,0.013482537985110099
993,353847,0.0
994,357862,0.03234265584343801
995,364601,0.03974274347739412
996,378223,0.0
997,371625,0.0
998,370370,0.0
999,367201,0.0
1000,378094,0.0
1001,375463,0.0
1002,361137,0.0
1003,356884,0.0
1004,374630,0.0
1005,378239,0.0
1006,369192,0.0
1007,358214,0.03894485363324447
1008,375478,0.0
1009,376980,0.0
1010,378027,0.0
1011,376348,0.0
1012,362472,0.008705083269456794
1013,368214,0.0
1014,374419,0.0
1015,370134,0.0
1016,355403,0.0
1017,358849,0.0
1018,364694,0.3364021890945457
1019,364597,0.028669344343271067
1020,373814,0.0
1021,352704,0.0
1022,358708,0.0
1023,356763,0.0
1024,358008,0.0
1025,377333,0.0
1026,362242,0.03865469044897997
1027,357677,0.0
1028,359837,0.0
1029,376226,0.0
1030,354447,0.0
1031,369818,0.0
1032,361020,0.0
1033,359863,0.010647064155341808
1034,368680,0.0
1035,352696,0.0
1036,371270,0.0
1037,358281,0.03894485363324447
1038,374426,0.0
1039,356918,0.0
1040,362490,0.06977261288304384
1041,357124,0.010647064155341808
1042,374918,0.0
1043,372806,0.0
1044,355392,0.0
1045,373384,0.0
1046,358430,0.039375984938465294
1047,363753,0.0
1048,365001,0.1960206748900564
1049,372109,0.0
1050,358222,0.0
1051,357086,0.010647064155341808
1052,359674,0.04766606547668074
1053,358064,0.0
1054,366524,0.0
1055,368658,0.0
1056,360558,0.039375984938465294
1057,364666,0.0
1058,353494,0.0
1059,355420,0.0
1060,368728,0.0
1061,365429,0.0
1062,375913,0.0
1063,360286,0.16313159468933344
1064,360583,0.0
1065,366207,0.0
1066,372765,0.0
1067,358054,0.0
1068,365569,0.0
1069,366872,0.0
1070,367885,0.0
1071,360386,0.040641476798206407
1072,376885,0.0
1073,365863,0.0
1074,368930,0.0
1075,360649,0.0
1076,372701,0.0
1077,377361,0.0
1078,365756,0.0
1079,366688,0.0
1080,375610,0.0
1081,365621,0.0
1082,369430,0.0
1083,378103,0.0
1084,363895,0.0
1085,358605,0.04766606547668074
1086,353579,0.0
1087,378395,0.0
1088,373896,0.0
1089,364693,0.06978338243165115
1090,364624,0.0
1091,376911,0.0
1092,357892,0.0
1093,357115,0.0
1094,366683,0.0
1095,368389,0.0
1096,369294,0.0
1097,364673,0.3364021890945457
1098,372657,0.0
1099,365889,0.0
1100,377203,0.0
1101,363138,0.03974274347739412
1102,367744,0.0
1103,377777,0.0
1104,371267,0.0
1105,363149,0.3552621643551923
1106,367894,0.0
1107,365322,0.0
1108,366265,0.0
1109,373243,0.0
1110,371571,0.0
1111,355815,0.0
1112,374134,0.0
1113,359469,0.0
1114,355428,0.0
1115,359668,0.3364021890945457
1116,376897,0.0
1117,370523,0.0
1118,365910,0.0
1119,357489,0.0
1120,367019,0.0
1121,369014,0.0
1122,354679,0.04331756178233129
1123,358030,0.25253994585841055
1124,360985,0.03974274347739412
1125,371292,0.0
1126,375889,0.0
1127,377774,0.0
1128,366090,0.0
1129,360563,0.0
1130,356424,0.1588543003241359
1131,357502,0.0
1132,359268,0.05497640210115223
1133,366831,0.0
1134,357656,0.0
1135,365733,0.0
1136,359084,0.043122879956595944
1137,377320,0.0
1138,368602,0.0
1139,376658,0.0
1140,369302,0.0
1141,371076,0.0
1142,364307,0.0
1143,372770,0.0
1144,357885,0.0
1145,371360,0.0
1146,355810,0.0
1147,357506,0.0
1148,359247,0.0
1149,361436,0.0
1150,365904,0.0
1151,372782,0.0
1152,372222,0.0
1153,376091,0.0
1154,362171,0.0
1155,369460,0.0
1156,365407,0.0
1157,364705,0.1406381719607129
1158,370731,0.0
1159,357090,0.0
1160,359941,0.0
1161,366709,0.0
1162,353388,0.0
1163,374757,0.0
1164,364261,0.0
1165,362002,0.0
1166,357106,0.0
1167,354239,0.0
1168,372704,0.0
1169,367892,0.0
1170,372570,0.0
1171,359841,0.03620118875392102
1172,360654,0.15999458794227206
1173,362733,0.0
1174,373369,0.0
1175,373442,0.0
1176,368258,0.0
1177,376873,0.0
1178,363304,0.03974274347739412
1179,357706,0.0
1180,368582,0.0
1181,375471,0.0
1182,357699,0.0
1183,357870,0.0
1184,366519,0.0
1185,365753,0.0
1186,365387,0.0
1187,374620,0.0
1188,367222,0.0
1189,359852,0.0
1190,372310,0.0
1191,354834,0.0
1192,360979,0.0
1193,359506,0.02529279815634263
1194,357274,0.019180851139553447
1195,377157,0.0
1196,353865,0.0
1197,373932,0.0
1198,356314,0.0
1199,378401,0.0
1200,371550,0.0
1201,353033,0.0
1202,355429,0.0
1203,358421,0.20144219697442228
1204,377767,0.0
1205,373111,0.0
1206,354814,0.0
1207,369193,0.0
1208,366517,0.0
1209,370141,0.0
1210,371402,0.0
1211,361778,0.0
1212,365869,0.0
1213,374074,0.0
1214,356068,0.0
1215,369825,0.0
1216,356058,0.0
1217,358434,0.009620396779225234
1218,353413,0.0
1219,363345,0.0
1220,361408,0.0
1221,362851,0.0
1222,368730,0.0
1223,352492,0.0
1224,371796,0.0
1225,355375,0.044025814105775433
1226,374320,0.0
1227,378215,0.0
1228,374608,0.0
1229,360279,0.014958007715234097
1230,355525,0.0
1231,370168,0.0
1232,362866,0.24821844575210147
1233,371957,0.0
1234,356781,0.0
1235,355916,0.0
1236,364698,0.1406381719607129
1237,355557,0.27794655672094476
1238,375053,0.0
1239,361292,0.0
1240,357888,0.0
1241,368099,0.0
1242,357700,0.036891188471330716
1243,369452,0.0
1244,377964,0.0
1245,377648,0.0
1246,357321,0.014958007715234097
1247,369431,0.0
1248,368601,0.0
1249,364189,0.0
1250,358841,0.014958007715234097
1251,372129,0.0
1252,369005,0.0
1253,354942,0.0
1254,355434,0.0
1255,360053,0.06320856592549919
1256,369022,0.0
1257,371627,0.0
1258,357261,0.0
1259,367846,0.0
1260,356384,0.0
1261,378075,0.0
1262,370907,0.0
1263,363902,0.3552621643551923
1264,374302,0.0
1265,378229,0.0
1266,354254,0.0
1267,373996,0.0
1268,374114,0.0
1269,369971,0.0
1270,367914,0.0
1271,377480,0.0
1272,358228,0.0
1273,359201,0.0
1274,373446,0.0
1275,361160,0.0
1276,374115,0.0
1277,366259,0.0
1278,376669,0.0
1279,366242,0.0
1280,366081,0.0
1281,373232,0.0
1282,359658,0.0
1283,365414,0.0
1284,370712,0.0
1285,370817,0.0
1286,358819,0.3552621643551923
1287,361866,0.04331756178233129
1288,376478,0.0
1289,369975,0.0
1290,360846,0.0
1291,376908,0.0
1292,360648,0.14494475765121195
1293,360396,0.03830790697088305
1294,368383,0.0
1295,368395,0.0
1296,358968,0.03894485363324447
1297,366980,0.0
1298,366978,0.0
1299,371795,0.0
1300,352307,0.0
1301,371520,0.0
1302,367425,0.0
1303,376092,0.0
1304,356608,0.0
1305,359141,0.012359651175814149
1306,360593,0.0
1307,358044,0.0
1308,354015,0.0
1309,375776,0.0
1310,375408,0.0
1311,374294,0.0
1312,369992,0.0
1313,360591,0.0
1314,365909,0.0
1315,357705,0.0
1316,371599,0.0
1317,378304,0.0
1318,352253,0.0
1319,369456,0.0
1320,367360,0.0
1321,365410,0.0
1322,362864,0.0
1323,367545,0.0
1324,374903,0.0
1325,360015,0.0334720247228428
1326,375063,0.0
1327,354432,0.008705083269456794
1328,372099,0.0
1329,352880,0.051212865564298396
1330,378230,0.0
1331,376336,0.0
1332,367176,0.0
1333,369028,0.0
1334,356589,0.16313159468933344
1335,361144,0.0
1336,367544,0.0
1337,358470,0.0
1338,356630,0.0
1339,355814,0.0
1340,366799,0.0
1341,352291,0.009620396779225234
1342,365439,0.0
1343,363751,0.0
1344,371634,0.0
1345,368084,0.0
1346,368729,0.0
1347,353568,0.0
1348,354828,0.0
1349,369904,0.0
1350,375178,0.0
1351,376232,0.0
1352,358911,0.0
1353,376909,0.0
1354,363158,0.15339603873723032
1355,360282,0.1584739783381165
1356,375557,0.0
1357,368547,0.0
1358,372248,0.0
1359,370919,0.0
1360,371106,0.0
1361,352670,0.04849196819949691
1362,371271,0.0
1363,370697,0.0
1364,360923,0.0
1365,369949,0.0
1366,374402,0.0
1367,377364,0.0
1368,367558,0.0
1369,370736,0.0
1370,362247,0.0
1371,361836,0.0
1372,356311,0.14230950128690942
1373,364780,0.0206980363260427
1374,373972,0.0
1375,372874,0.0
1376,366960,0.0
1377,374904,0.0
1378,367174,0.0
1379,361291,0.0
1380,377476,0.0
1381,367279,0.0
1382,364045,0.0
1383,364468,0.03802855210156081
1384,358604,0.0
1385,358258,0.0
1386,376618,0.0
1387,359142,0.0
1388,357466,0.11506741745218928
1389,353540,0.0
1390,358242,0.0
1391,363131,0.010647064155341808
1392,362154,0.0
1393,365265,0.0
1394,363337,0.3513511803366966
1395,373987,0.0
1396,353586,0.0
1397,366953,0.0
1398,372879,0.0
1399,361285,0.16313159468933344
1400,367379,0.0
1401,353415,0.0
1402,358733,0.012522698096017684
1403,366089,0.0
1404,358960,0.0
1405,358989,0.0
1406,366243,0.0
1407,358268,0.0
1408,377451,0.0
1409,367851,0.0
1410,364223,0.0
1411,364033,0.12642286633517477
1412,377213,0.0
1413,366975,0.0
1414,368212,0.0
1415,358835,0.010647064155341808
1416,365413,0.0
1417,377353,0.0
1418,376495,0.0
1419,371930,0.0
1420,367929,0.0
1421,371797,0.0
1422,368853,0.0
1423,363580,0.0
1424,356165,0.0
1425,363476,0.0
1426,357490,0.0
1427,367559,0.0
1428,368832,0.0
1429,367692,0.0
1430,360391,0.0
1431,368585,0.0
1432,357856,0.01769563510056429
1433,361580,0.0
1434,357302,0.0
1435,366928,0.0
1436,370144,0.0
1437,354569,0.0
1438,366977,0.0
1439,364148,0.1406381719607129
1440,355091,0.25253994585841055
1441,361152,0.04484365957199514
1442,368077,0.0
1443,359260,0.014958007715234097
1444,373650,0.0
1445,362136,0.0
1446,354442,0.04766606547668074
1447,378391,0.0
1448,367564,0.0
1449,376358,0.0
1450,365445,0.0
1451,356773,0.0
1452,362481,0.0
1453,374765,0.0
1454,376667,0.0
1455,368405,0.0
1456,373966,0.0
1457,361284,0.03974274347739412
1458,354966,0.0
1459,376861,0.0
1460,353205,0.0
1461,367588,0.0
1462,359946,0.03894485363324447
1463,371978,0.0
1464,371401,0.0
1465,367900,0.0
1466,370232,0.0
1467,364467,0.24821844575210147
1468,371066,0.0
1469,370561,0.0
1470,354837,0.0
1471,353848,0.10094450982807697
1472,364702,0.1264218917700499
1473,371588,0.0
1474,365892,0.0
1475,369961,0.0
1476,377642,0.0
1477,373088,0.0
1478,369252,0.0
1479,377358,0.0
1480,377922,0.0
1481,363130,0.3552621643551923
1482,368578,0.0
1483,367727,0.0
1484,378428,0.0
1485,376900,0.0
1486,362848,0.1406381719607129
1487,374308,0.0
1488,352654,0.0
1489,366964,0.0
1490,376109,0.0
1491,365424,0.0
1492,356752,0.011287624820389267
1493,357693,0.0
1494,376299,0.0
1495,354821,0.03974274347739412
1496,354013,0.0
1497,357447,0.015941858468065763
1498,370137,0.0
1499,373674,0.0
1500,362855,0.0
1501,365902,0.0
1502,364470,0.1406381719607129
1503,361845,0.01045625034909188
1504,356034,0.0
1505,372909,0.0
1506,360989,0.011158478109095713
1507,369154,0.0
1508,373114,0.0
1509,373095,0.0
1510,353220,0.0
1511,357341,0.0
1512,371628,0.0
1513,367381,0.0
1514,375209,0.0
1515,358588,0.014958007715234097
1516,374601,0.0
1517,364495,0.04289115349386179
1518,367020,0.0
1519,362736,0.19776374139839642
1520,368660,0.0
1521,368047,0.0
1522,362916,0.013482537985110099
1523,357100,0.0
1524,366686,0.0
1525,373933,0.0
1526,361854,0.0
1527,355556,0.0
1528,358300,0.0
1529,366085,0.0
1530,354911,0.0
1531,365619,0.0
1532,363145,0.0
1533,354618,0.0
1534,356016,0.0
1535,367187,0.0
1536,369972,0.0
1537,369469,0.0
1538,354428,0.13556901194744192
1539,364484,0.037486397299795075
1540,363167,0.0462742551266296
1541,368747,0.0
1542,357717,0.0
1543,375617,0.0
1544,370843,0.0
1545,355729,0.0
1546,360400,0.0
1547,363023,0.023350100372431876
1548,354669,0.0
1549,376110,0.0
1550,366511,0.0
1551,352691,0.0
1552,358442,0.0
1553,354465,0.0
1554,375782,0.0
1555,356605,0.0
1556,370554,0.0
1557,354943,0.009620396779225234
1558,360231,0.04307925510853854
1559,359781,0.03974274347739412
1560,362142,0.012522698096017684
1561,371950,0.0
1562,369984,0.0
1563,367212,0.0
1564,353592,0.037486397299795075
1565,372245,0.0
1566,354813,0.0
1567,368407,0.0
1568,376653,0.0
1569,361158,0.11940911636439155
1570,372811,0.0
1571,360584,0.0
1572,367889,0.0
1573,374127,0.0
1574,372451,0.0
1575,378076,0.0
1576,376836,0.0
1577,359269,0.0735578480246522
1578,371016,0.0
1579,355376,0.0
1580,373362,0.0
1581,360041,0.0
1582,375470,0.0
1583,364304,0.03534535712914812
1584,369332,0.0
1585,368081,0.0
1586,355361,0.0
1587,359390,0.0
1588,364455,0.04289115349386179
1589,360072,0.0
1590,358037,0.0
1591,371275,0.0
1592,367420,0.0
1593,363441,0.0
1594,360078,0.3552621643551923
1595,377601,0.0
1596,369441,0.0
1597,355386,0.15216480259904197
1598,353566,0.17136421570256294
1599,374756,0.0
1600,367411,0.0
1601,367872,0.0
1602,361574,0.0
1603,357455,0.0
1604,365438,0.0
1605,356195,0.0
1606,356745,0.039375984938465294
1607,373257,0.0
1608,375774,0.0
1609,359857,0.0
1610,362152,0.0
1611,368716,0.0
1612,365468,0.0
1613,367358,0.0
1614,372903,0.0
1615,361559,0.0
1616,372201,0.0
1617,368902,0.0
1618,373476,0.0
1619,352337,0.0
1620,373112,0.0
1621,354262,0.0
1622,375763,0.0
1623,354818,0.1404784659819598
1624,373675,0.0
1625,362450,0.3651892439543846
1626,354930,0.0
1627,359467,0.0
1628,356156,0.0
1629,354759,0.04766606547668074
1630,375197,0.0
1631,374624,0.0
1632,355364,0.0
1633,353589,0.0
1634,374551,0.0
1635,369296,0.0
1636,376679,0.0
1637,353234,0.0
1638,366275,0.0
1639,368066,0.0
1640,364150,0.0
1641,361835,0.3552621643551923
1642,354628,0.0
1643,374776,0.0
1644,370711,0.0
1645,355555,0.0
1646,367567,0.0
1647,373667,0.0
1648,371071,0.0
1649,359945,0.0
1650,369630,0.0
1651,373443,0.0
1652,374325,0.0
1653,361570,0.0
1654,364321,0.0
1655,368819,0.0
1656,352298,0.0
1657,361550,0.04766606547668074
1658,377497,0.0
1659,370557,0.0
1660,361002,0.0
1661,354223,0.0
1662,366838,0.0
1663,358621,0.0
1664,369792,0.0
1665,370743,0.0
1666,357304,0.0
1667,361278,0.0
1668,371037,0.0
1669,362858,0.0
1670,376049,0.0
1671,377857,0.0
1672,358432,0.0
1673,361302,0.0
1674,356969,0.0
1675,358239,0.20144219697442228
1676,370889,0.0
1677,365448,0.0
1678,375282,0.0
1679,359487,0.0
1680,354973,0.0
1681,377628,0.0
1682,361581,0.0
1683,367383,0.0
1684,357327,0.011158478109095713
1685,362934,0.0
1686,372958,0.0
1687,365559,0.0
1688,364452,0.3552621643551923
1689,352330,0.015347292799579054
1690,355347,0.0
1691,376088,0.0
1692,358167,0.03236015170072872
1693,374107,0.0
1694,360388,0.024568049018708724
1695,377473,0.0
1696,354407,0.0
1697,363455,0.0
1698,368852,0.0
1699,374122,0.0
1700,371963,0.0
1701,364610,0.03974274347739412
1702,364303,0.0
1703,377793,0.0
1704,357841,0.0
1705,358726,0.0527059491606138
1706,355755,0.0
1707,371624,0.0
1708,355827,0.0
1709,369604,0.0
1710,375265,0.0
1711,365704,0.0
1712,353386,0.014958007715234097
1713,372352,0.0
1714,373657,0.0
1715,374305,0.0
1716,361837,0.012359651175814149
1717,370707,0.0
1718,368709,0.0
1719,361689,0.0
1720,368139,0.0
1721,369007,0.0
1722,372914,0.0
1723,356429,0.0
1724,360577,0.0
1725,362479,0.0
1726,376979,0.0
1727,361592,0.0
1728,363339,0.0
1729,376887,0.0
1730,371379,0.0
1731,367578,0.0
1732,372893,0.0
1733,361864,0.0
1734,374769,0.0
1735,370369,0.0
1736,364023,0.0
1737,361015,0.3552621643551923
1738,368827,0.0
1739,370384,0.0
1740,358828,0.009711812790045987
1741,373392,0.0
1742,371406,0.0
1743,360147,0.0206980363260427
1744,352503,0.0
1745,359737,0.04766606547668074
1746,360069,0.0
1747,375051,0.0
1748,367871,0.0
1749,377479,0.0
1750,377472,0.0
1751,359959,0.0
1752,360263,0.0
1753,353879,0.0
1754,355548,0.0
1755,367213,0.0
1756,354970,0.0
1757,352705,0.0
1758,361998,0.0
1759,375185,0.0
1760,366847,0.0
1761,369432,0.0
1762,363346,0.1337521094213486
1763,370719,0.0
1764,356409,0.0
1765,373672,0.0
1766,356305,0.17110820368419433
1767,361273,0.17136421570256294
1768,372358,0.0
1769,359925,0.0
1770,374172,0.0
1771,368038,0.0
1772,367903,0.0
1773,373436,0.0
1774,353823,0.0
1775,361859,0.0307596194699947
1776,372261,0.0
1777,364724,0.16313159468933344
1778,358298,0.0
1779,354045,0.0
1780,363900,0.0
1781,361445,0.008705083269456794
1782,364778,0.3766384142177738
1783,355716,0.0
1784,360062,0.15517665096887814
1785,369121,0.0
1786,361266,0.0
1787,369029,0.0
1788,352819,0.0
1789,377607,0.0
1790,372328,0.0
1791,371062,0.0
1792,376227,0.0
1793,362947,0.0
1794,358601,0.03894485363324447
1795,359638,0.0
1796,371620,0.0
1797,352484,0.011158478109095713
1798,372781,0.0
1799,366680,0.0
1800,357858,0.039375984938465294
1801,364323,0.0
1802,377778,0.0
1803,355772,0.014958007715234097
1804,367198,0.0
1805,352680,0.024568049018708724
1806,360085,0.040641476798206407
1807,374632,0.0
1808,364592,0.1337521094213486
1809,357303,0.0
1810,357874,0.024568049018708724
1811,365588,0.0
1812,363774,0.02460464984418294
1813,373964,0.0
1814,353077,0.0
1815,365875,0.0
1816,355737,0.04484365957199514
1817,359785,0.3402340538848487
1818,373271,0.0
1819,353890,0.0
1820,354604,0.3552621643551923
1821,357468,0.0
1822,356736,0.015406332076389908
1823,363328,0.0
1824,364603,0.3766384142177738
1825,360029,0.0
1826,354819,0.0
1827,366982,0.0
1828,368167,0.0
1829,367380,0.0
1830,355424,0.0
1831,352312,0.008216137475581227
1832,357292,0.030989973842104883
1833,372804,0.0
1834,357712,0.0
1835,376476,0.0
1836,362715,0.010647064155341808
1837,365244,0.0
1838,353376,0.0
1839,369474,0.0
1840,374131,0.0
1841,356372,0.011287624820389267
1842,371069,0.0
1843,370539,0.0
1844,358280,0.013589784812962346
1845,376881,0.0
1846,364464,0.008705083269456794
1847,368401,0.0
1848,355402,0.2968123493976818
1849,359398,0.0
1850,370219,0.0
1851,358034,0.011158478109095713
1852,363756,0.20622485324626968
1853,353843,0.0
1854,369024,0.0
1855,367562,0.0
1856,359848,0.0
1857,369965,0.0
1858,374303,0.0
1859,365558,0.0
1860,360814,0.03266519751682481
1861,354633,0.0
1862,369328,0.0
1863,369986,0.0
1864,375203,0.0
1865,355740,0.0
1866,354670,0.0
1867,357291,0.040112615554964086
1868,358837,0.1264218917700499
1869,352692,0.090383700405264
1870,367016,0.0
1871,369306,0.0
1872,354440,0.008216137475581227
1873,361545,0.0
1874,367524,0.0
1875,371288,0.0
1876,377349,0.0
1877,356248,0.0
1878,357318,0.01865701045863441
1879,354629,0.0
1880,359468,0.009620396779225234
1881,363571,0.0
1882,373670,0.0
1883,377457,0.0
1884,360521,0.04494756872003576
1885,364687,0.3552621643551923
1886,359762,0.07251712590193367
1887,357482,0.0118727094534602
1888,378245,0.0
1889,361145,0.1365802123846778
1890,355545,0.0
1891,364670,0.3552621643551923
1892,374731,0.0
1893,365271,0.0
1894,355171,0.1584739783381165
1895,359365,0.0
1896,367704,0.0
1897,369336,0.0
1898,373391,0.0
1899,375450,0.0
1900,373275,0.0
1901,359339,0.0
1902,363590,0.060629392725998675
1903,364964,0.01865701045863441
1904,358626,0.0
1905,370547,0.0
1906,367234,0.0
1907,367703,0.0
1908,373931,0.0
1909,355546,0.027334878610788732
1910,377962,0.0
1911,365587,0.0
1912,365731,0.0
1913,364729,0.0
1914,370230,0.0
1915,363157,0.0
1916,354968,0.0
1917,377356,0.0
1918,373124,0.0
1919,358740,0.0
1920,373109,0.0
1921,377459,0.0
1922,364163,0.0
1923,375919,0.0
1924,371260,0.0
1925,375312,0.0
1926,362914,0.011287624820389267
1927,373252,0.0
1928,374593,0.0
1929,353875,0.0
1930,368701,0.0
1931,361986,0.15793242128747
1932,367648,0.0
1933,364728,0.1406381719607129
1934,357861,0.03974274347739412
1935,365430,0.0
1936,369468,0.0
1937,374610,0.0
1938,369944,0.0
1939,368259,0.0
1940,363034,0.0
1941,374741,0.0
1942,354625,0.0
1943,368673,0.0
1944,370223,0.0
1945,370703,0.0
1946,364926,0.03894485363324447
1947,364332,0.15216480259904197
1948,364599,0.3651892439543846
1949,366682,0.0
1950,373475,0.0
1951,364460,0.3766384142177738
1952,361594,0.0
1953,372533,0.0
1954,368234,0.0
1955,355146,0.0
1956,363712,0.0
1957,366631,0.0
1958,355540,0.03894485363324447
1959,355389,0.0
1960,375605,0.0
1961,375609,0.0
1962,358975,0.0
1963,356220,0.009620396779225234
1964,364011,0.0
1965,357295,0.24821844575210147
1966,373684,0.0
1967,376335,0.0
1968,356403,0.04227857291625763
1969,368286,0.0
1970,376339,0.0
1971,365436,0.0
1972,357526,0.0
1973,355198,0.0
1974,366491,0.0
1975,364715,0.24821844575210147
1976,357209,0.0
1977,362952,0.0
1978,362891,0.0
1979,370221,0.0
1980,372112,0.0
1981,366064,0.0
1982,373967,0.0
1983,375751,0.0
1984,371810,0.0
1985,369486,0.0
1986,360655,0.3766384142177738
1987,368723,0.0
1988,359954,0.14230950128690942
1989,376904,0.0
1990,367378,0.0
1991,366654,0.0
1992,376825,0.0
1993,365207,0.0
1994,352476,0.009620396779225234
1995,362015,0.0
1996,355521,0.0
1997,359777,0.0
1998,373213,0.0
1999,374908,0.0
2000,360610,0.0
2001,356950,0.054921892765597925
2002,363584,0.0
2003,355561,0.0
2004,367556,0.0
2005,366993,0.0
2006,370578,0.0
2007,375932,0.0
2008,352342,0.0
2009,370880,0.0
2010,353582,0.0
2011,365163,0.0
2012,371072,0.0
2013,370165,0.0
2014,367709,0.0
2015,356043,0.0
2016,359633,0.0
2017,358479,0.3552621643551923
2018,376905,0.0
2019,364299,0.0
2020,354258,0.0
2021,376999,0.0
2022,361162,0.0
2023,376882,0.0
2024,359126,0.2384266097767721
2025,357817,0.0
2026,359110,0.0
2027,356792,0.3552621643551923
2028,372263,0.0
2029,359947,0.17110820368419433
2030,377640,0.0
2031,366855,0.0
2032,367730,0.0
2033,375858,0.0
2034,377498,0.0
2035,371369,0.0
2036,370286,0.0
2037,353867,0.0
2038,353072,0.0
2039,365884,0.0
2040,358048,0.0
2041,354944,0.0
2042,371291,0.0
2043,360529,0.009620396779225234
2044,369473,0.0
2045,361577,0.0
2046,358471,0.0
2047,363695,0.0
2048,361976,0.014958007715234097
2049,367723,0.0
2050,358717,0.01676690288517419
2051,377449,0.0
2052,359393,0.049581234366192564
2053,375792,0.0
2054,369421,0.0
2055,372787,0.0
2056,365249,0.0
2057,368550,0.0
2058,373217,0.0
2059,364703,0.1264218917700499
2060,375791,0.0
2061,357066,0.0
2062,369153,0.0
2063,374500,0.0
2064,361433,0.03974274347739412
2065,359636,0.0
2066,373473,0.0
2067,361692,0.3364021890945457
2068,358197,0.0
2069,352715,0.0
2070,360843,0.0
2071,366957,0.0
2072,376932,0.0
2073,370518,0.0
2074,362859,0.039375984938465294
2075,371990,0.0
2076,362478,0.027334878610788732
2077,365890,0.0
2078,353243,0.0
2079,363128,0.03974274347739412
2080,369021,0.0
2081,360812,0.0
2082,355215,0.0
2083,357628,0.0307596194699947
2084,377927,0.0
2085,373070,0.0
2086,363780,0.0
2087,364015,0.008431465901533385
2088,358731,0.03974274347739412
2089,356405,0.0
2090,370709,0.0
2091,371083,0.0
2092,374777,0.0
2093,355522,0.0
2094,372891,0.0
2095,372767,0.0
2096,372329,0.0
2097,371983,0.0
2098,357692,0.0
2099,353404,0.03600263531578258
2100,377371,0.0
2101,356050,0.0
2102,372345,0.0
2103,369597,0.0
2104,367223,0.0
2105,354792,0.0
2106,364447,0.04307925510853854
2107,353560,0.027334878610788732
2108,361698,0.009620396779225234
2109,353366,0.0
2110,362287,0.0
2111,373435,0.0
2112,368996,0.0
2113,357457,0.0
2114,364135,0.04766606547668074
2115,356054,0.0
2116,366672,0.0
2117,376810,0.0
2118,371295,0.0
2119,378427,0.0
2120,357456,0.0
2121,378231,0.0
2122,372788,0.0
2123,376500,0.0
2124,356307,0.0
2125,371293,0.0
2126,377428,0.0
2127,367557,0.0
2128,361710,0.014958007715234097
2129,355800,0.0
2130,369542,0.0
2131,365782,0.0
2132,356014,0.060629392725998675
2133,370140,0.0
2134,367568,0.0
2135,358462,0.0
2136,369962,0.0
2137,354040,0.0
2138,365008,0.3364021890945457
2139,367589,0.0
2140,371781,0.0
2141,372541,0.0
2142,370260,0.0
2143,371829,0.0
2144,367548,0.0
2145,373673,0.0
2146,376511,0.0
2147,358622,0.0
2148,356628,0.04484365957199514
2149,357079,0.0
2150,361123,0.008705083269456794
2151,367591,0.0
2152,356188,0.0
2153,355542,0.05497640210115223
2154,360559,0.3552621643551923
2155,370931,0.0
2156,360074,0.0
2157,366962,0.0
2158,353074,0.008216137475581227
2159,366700,0.0
2160,370579,0.0
2161,374738,0.0
2162,377372,0.0
2163,353359,0.023350100372431876
2164,368406,0.0
2165,354668,0.3552621643551923
2166,364035,0.0
2167,374293,0.0
2168,368404,0.0
2169,371363,0.0
2170,363862,0.08798045310827803
2171,357278,0.0
2172,374615,0.0
2173,368568,0.0
2174,358847,0.012359651175814149
2175,377478,0.0
2176,359759,0.019175595639123855
2177,358457,0.3253294485731092
2178,366873,0.0
2179,357499,0.0
2180,353825,0.04307925510853854
2181,367390,0.0
2182,354212,0.0
2183,367393,0.0
2184,368850,0.0
2185,356599,0.25649331624302635
2186,377615,0.0
2187,377784,0.0
2188,370588,0.0
2189,352857,0.04331756178233129
2190,377186,0.0
2191,360600,0.0
2192,370580,0.0
2193,365004,0.3402340538848487
2194,371984,0.0
2195,371992,0.0
2196,366976,0.0
2197,374926,0.0
2198,355793,0.0
2199,359774,0.014958007715234097
2200,371614,0.0
2201,367221,0.0
2202,366247,0.0
2203,359491,0.0
2204,360250,0.014807797472844426
2205,372339,0.0
2206,355570,0.0
2207,367302,0.0
2208,353855,0.0
2209,367232,0.0
2210,361707,0.0
2211,368835,0.0
2212,356924,0.0
2213,370925,0.0
2214,372792,0.0
2215,359536,0.13554937069737027
2216,364008,0.060629392725998675
2217,371091,0.0
2218,361308,0.0
2219,361018,0.0
2220,364672,0.044025814105775433
2221,357290,0.018951624175629553
2222,373260,0.0
2223,374125,0.0
2224,358480,0.0
2225,369957,0.0
2226,355900,0.0
2227,365800,0.0
2228,363776,0.09188324010484435
2229,360090,0.3552621643551923
2230,365885,0.0
2231,370570,0.0
2232,370926,0.0
2233,352480,0.0
2234,353201,0.16313159468933344
2235,353541,0.0
2236,366109,0.0
2237,359731,0.03974274347739412
2238,366504,0.0
2239,377482,0.0
2240,360849,0.0
2241,372546,0.0
2242,361021,0.014958007715234097
2243,354238,0.1365802123846778
2244,353569,0.024568049018708724
2245,369313,0.0
2246,357216,0.0
2247,376894,0.0
2248,375916,0.0
2249,369993,0.0
2250,361010,0.011158478109095713
2251,371068,0.0
2252,360588,0.0
2253,368588,0.0
2254,375909,0.0
2255,352693,0.0
2256,369303,0.0
2257,366088,0.0
2258,360039,0.044353356799123424
2259,367007,0.0
2260,353864,0.0
2261,358453,0.3766384142177738
2262,354431,0.0
2263,353065,0.21114811533147482
2264,367590,0.0
2265,353383,0.0
2266,367922,0.0
2267,358220,0.0
2268,356018,0.0
2269,360077,0.03894485363324447
2270,366239,0.0
2271,365253,0.0
2272,376867,0.0
2273,369970,0.0
2274,366257,0.0
2275,354453,0.0
2276,359382,0.0
2277,354622,0.0
2278,374329,0.0
2279,374915,0.0
2280,354947,0.006150343670690468
2281,366678,0.0
2282,360094,0.04331756178233129
2283,378406,0.0
2284,354402,0.0
2285,372887,0.0
2286,366684,0.0
2287,378067,0.0
2288,354435,0.0
2289,359767,0.009620396779225234
2290,358568,0.0
2291,356075,0.0
2292,359771,0.0
2293,370255,0.0
2294,367017,0.0
2295,369429,0.0
2296,368825,0.0
2297,352870,0.03234265584343801
2298,363740,0.0
2299,366691,0.0
2300,357658,0.0
2301,357119,0.013482537985110099
2302,353407,0.0
2303,374425,0.0
2304,362727,0.0
2305,354596,0.0
2306,362233,0.0
2307,361117,0.0
2308,375304,0.0
2309,368187,0.0
2310,355672,0.018951624175629553
2311,378379,0.0
2312,372320,0.0
2313,354061,0.10506250299053128
2314,365582,0.0
2315,357521,0.0
2316,375174,0.0
2317,371283,0.0
2318,364788,0.027334878610788732
2319,355379,0.0
2320,363341,0.0
2321,374713,0.0
2322,366973,0.0
2323,370749,0.0
2324,358454,0.0
2325,372164,0.0
2326,354643,0.0
2327,371649,0.0
2328,359657,0.0
2329,372351,0.0
2330,369321,0.0
2331,361025,0.0
2332,371078,0.0
2333,366002,0.0
2334,363032,0.00807687322596356
2335,354024,0.0
2336,368970,0.0
2337,377360,0.0
2338,356249,0.3402340538848487
2339,371960,0.0
2340,352683,0.0
2341,368071,0.0
2342,363317,0.012359651175814149
2343,359680,0.0
2344,365565,0.0
2345,359121,0.010647064155341808
2346,353399,0.15793242128747
2347,369956,0.0
2348,359220,0.0
2349,367394,0.0
2350,360492,0.037486397299795075
2351,367844,0.0
2352,353041,0.0
2353,352465,0.0
2354,360393,0.00980874581172492
2355,368291,0.0
2356,363868,0.03865469044897997
2357,358276,0.05045623145061652
2358,354229,0.0
2359,375754,0.0
2360,358233,0.0
2361,356734,0.02182051087706806
2362,372882,0.0
2363,366202,0.0
2364,357109,0.037486397299795075
2365,367877,0.0
2366,369478,0.0
2367,365732,0.0
2368,366116,0.0
2369,356399,0.06320856592549919
2370,376879,0.0
2371,358410,0.0
2372,362207,0.15517665096887814
2373,361989,0.020583932870455318
2374,370282,0.0
2375,361865,0.039375984938465294
2376,358211,0.009620396779225234
2377,357445,0.0
2378,375562,0.0
2379,355780,0.0
2380,357095,0.0
2381,369794,0.0
2382,359856,0.04227857291625763
2383,352309,0.0
2384,375910,0.0
2385,372137,0.0
2386,372904,0.0
2387,366250,0.0
2388,358974,0.16313159468933344
2389,369146,0.0
2390,363152,0.009620396779225234
2391,361715,0.01114743096961657
2392,378237,0.0
2393,357281,0.039375984938465294
2394,359675,0.0
2395,362296,0.0
2396,371092,0.0
2397,364496,0.04888812135463207
2398,372802,0.0
2399,359263,0.0
2400,371617,0.0
2401,369959,0.0
2402,377647,0.0
2403,357262,0.03974274347739412
2404,355538,0.0
2405,355899,0.0
2406,368676,0.0
2407,360991,0.0
2408,373373,0.0
2409,364012,0.0
2410,373218,0.0
2411,364639,0.014958007715234097
2412,371961,0.0
2413,358456,0.0
2414,367228,0.0
2415,354667,0.0
2416,358725,0.0
2417,367742,0.0
2418,370591,0.0
2419,371060,0.0
2420,376877,0.0
2421,372359,0.0
2422,357567,0.03974274347739412
2423,363039,0.0
2424,377338,0.0
2425,375778,0.0
2426,372252,0.0
2427,356411,0.0
2428,359950,0.010647064155341808
2429,352684,0.0
2430,366668,0.0
2431,375920,0.0
2432,369300,0.0
2433,368281,0.0
2434,364286,0.0
2435,359481,0.0
2436,355731,0.0
2437,375369,0.0
2438,361277,0.0
2439,360233,0.008705083269456794
2440,374734,0.0
2441,376446,0.0
2442,354573,0.011158478109095713
2443,378078,0.0
2444,360082,0.0
2445,372247,0.0
2446,358846,0.17136421570256294
2447,354935,0.0
2448,368863,0.0
2449,356644,0.3552621643551923
2450,355901,0.0
2451,360249,0.0
2452,364669,0.1406381719607129
2453,360653,0.0
2454,356783,0.027334878610788732
2455,361299,0.0
2456,358769,0.0
2457,376502,0.0
2458,352872,0.04376974134022421
2459,377791,0.0
2460,364689,0.1406381719607129
2461,373182,0.0
2462,353394,0.04263863273742797
2463,357852,0.0
2464,368041,0.0
2465,364993,0.3766384142177738
2466,355382,0.04849196819949691
2467,373991,0.0
2468,353870,0.0
2469,364709,0.037486397299795075
2470,356173,0.03620118875392102
2471,364743,0.020236103534511395
2472,373971,0.0
2473,378060,0.0
2474,363477,0.2968123493976818
2475,370718,0.0
2476,364779,0.15216480259904197
2477,357320,0.0
2478,356749,0.3651892439543846
2479,363764,0.0
2480,360789,0.013482537985110099
2481,360281,0.03865469044897997
2482,358996,0.0
2483,368091,0.0
2484,357319,0.3935743350009267
2485,354799,0.0
2486,368953,0.0
2487,358983,0.0
2488,368739,0.0
2489,365447,0.0
2490,377627,0.0
2491,353571,0.011158478109095713
2492,369442,0.0
2493,370906,0.0
2494,361442,0.0
2495,353405,0.013646394015051898
2496,355911,0.0
2497,372793,0.0
2498,358451,0.0
2499,362074,0.0
2500,361565,0.0
2501,371962,0.0
2502,355789,0.3766384142177738
2503,354959,0.0
2504,369550,0.0
2505,355221,0.0
2506,365295,0.0
2507,357300,0.027259177698430274
2508,371082,0.0
2509,369337,0.0
2510,368053,0.0
2511,374123,0.0
2512,367391,0.0
2513,356637,0.037486397299795075
2514,373773,0.0
2515,376100,0.0
2516,371408,0.0
2517,359819,0.0
2518,359369,0.017530187194333732
2519,362850,0.027334878610788732
2520,371415,0.0
2521,358026,0.0
2522,369807,0.0
2523,353056,0.0
2524,368429,0.0
2525,368418,0.0
2526,377205,0.0
2527,355404,0.0
2528,374622,0.0
2529,372341,0.0
2530,364994,0.27794655672094476
2531,365457,0.0
2532,377632,0.0
2533,355915,0.0
2534,378377,0.0
2535,364458,0.3766384142177738
2536,365384,0.0
2537,374446,0.0
2538,376102,0.0
2539,375780,0.0
2540,372324,0.0
2541,354256,0.0
2542,355183,0.04227857291625763
2543,355501,0.015406332076389908
2544,364612,0.1337521094213486
2545,364898,0.02731061759510888
2546,368269,0.0
2547,365208,0.0
2548,354178,0.010647064155341808
2549,357092,0.03865469044897997
2550,356639,0.0
2551,355150,0.0
2552,375299,0.0
2553,369018,0.0
2554,362151,0.25253994585841055
2555,362468,0.0
2556,371815,0.0
2557,370818,0.0
2558,360786,0.058256319561152986
2559,367364,0.0
2560,367546,0.0
2561,370924,0.0
2562,377651,0.0
2563,355519,0.020117813099171124
2564,369980,0.0
2565,377490,0.0
2566,361437,0.0
2567,356313,0.0
2568,369795,0.0
2569,356422,0.0
2570,369983,0.0
2571,364047,0.0
2572,376355,0.0
2573,378388,0.0
2574,367205,0.0
2575,371420,0.0
2576,356229,0.0
2577,352888,0.0
2578,352877,0.0
2579,360854,0.0
2580,359376,0.0
2581,371598,0.0
2582,356120,0.0
2583,359384,0.2968123493976818
2584,370576,0.0
2585,352507,0.013589784812962346
2586,360049,0.014958007715234097
2587,355725,0.039375984938465294
2588,371604,0.0
2589,361146,0.0
2590,373378,0.0
2591,376920,0.0
2592,360990,0.10283865655057699
2593,358980,0.0
2594,363682,0.0
2595,371826,0.0
2596,361867,0.0
2597,352332,0.0
2598,370592,0.0
2599,356315,0.027259177698430274
2600,374824,0.0
2601,369606,0.0
2602,372332,0.0
2603,368058,0.0
2604,363738,0.039826894188000894
2605,367891,0.0
2606,368264,0.0
2607,366716,0.0
2608,364252,0.020236103534511395
2609,375436,0.0
2610,364767,0.3651892439543846
2611,367899,0.0
2612,377786,0.0
2613,363036,0.0
2614,374146,0.0
2615,353083,0.0
2616,373685,0.0
2617,361996,0.011158478109095713
2618,354613,0.0
2619,353231,0.0
2620,361141,0.0
2621,357122,0.039375984938465294
2622,352886,0.0
2623,355216,0.04871294667533805
2624,357788,0.0
2625,378303,0.0
2626,359116,0.0
2627,358987,0.0
2628,378381,0.0
2629,354565,0.0
2630,368437,0.0
2631,353851,0.12875134671660082
2632,367180,0.0
2633,358029,0.014958007715234097
2634,368097,0.0
2635,356962,0.0
2636,377001,0.0
2637,355549,0.0
2638,370734,0.0
2639,372264,0.0
2640,359143,0.15018551064230465
2641,355773,0.0
2642,362488,0.0
2643,372230,0.0
2644,352557,0.0
2645,354951,0.0
2646,371610,0.0
2647,373983,0.0
2648,354048,0.014548953353586568
2649,354971,0.014958007715234097
2650,366526,0.0
2651,366663,0.0
2652,355812,0.0
2653,377738,0.0
2654,367925,0.0
2655,360066,0.0
2656,365728,0.0
2657,370695,0.0
2658,373949,0.0
2659,371265,0.0
2660,371404,0.0
2661,372131,0.0
2662,373344,0.0
2663,370909,0.0
2664,367004,0.0
2665,370896,0.0
2666,368267,0.0
2667,357519,0.014958007715234097
2668,359373,0.024568049018708724
2669,374456,0.0
2670,377796,0.0
2671,361721,0.0
2672,363439,0.15999458794227206
2673,376638,0.0
2674,360235,0.009620396779225234
2675,356288,0.0
2676,372896,0.0
2677,363684,0.0
2678,368260,0.0
2679,360825,0.3552621643551923
2680,354778,0.0
2681,358192,0.04331756178233129
2682,375171,0.0
2683,373796,0.0
2684,364748,0.1190841106959472
2685,367511,0.0
2686,369877,0.0
2687,367930,0.0
2688,371375,0.0
2689,366095,0.0
2690,375307,0.0
2691,375028,0.0
2692,367023,0.0
2693,369329,0.0
2694,360661,0.0
2695,371980,0.0
2696,366987,0.0
2697,354471,0.03895536828083577
2698,356221,0.0
2699,376086,0.0
2700,363322,0.0
2701,375587,0.0
2702,374582,0.0
2703,371989,0.0
2704,366885,0.0
2705,377504,0.0
2706,361851,0.0
2707,366492,0.0
2708,373214,0.0
2709,367719,0.0
2710,377898,0.0
2711,369793,0.0
2712,372679,0.0
2713,370157,0.0
2714,363446,0.0
2715,367365,0.0
2716,368287,0.0
2717,356941,0.0
2718,360040,0.0
2719,363336,0.039375984938465294
2720,361147,0.0
2721,357084,0.0
2722,376338,0.0
2723,356957,0.0
2724,371811,0.0
2725,355787,0.010647064155341808
2726,360065,0.0
2727,378187,0.0
2728,373669,0.0
2729,364475,0.009620396779225234
2730,373424,0.0
2731,367183,0.0
2732,374590,0.0
2733,355431,0.1864584125425312
2734,368270,0.0
2735,361261,0.010647064155341808
2736,359227,0.015406332076389908
2737,353561,0.012359651175814149
2738,360601,0.0
2739,355373,0.0
2740,373680,0.0
2741,374779,0.0
2742,363020,0.0
2743,356179,0.0
2744,353857,0.020236103534511395
2745,368987,0.0
2746,369777,0.0
2747,377194,0.0
2748,371967,0.0
2749,369585,0.0
2750,358212,0.0
2751,352859,0.13179010005469582
2752,360592,0.03894485363324447
2753,375296,0.0
2754,367927,0.0
2755,364196,0.04227857291625763
2756,378249,0.0
2757,355212,0.0
2758,373104,0.0
2759,364295,0.0
2760,372563,0.0
2761,375313,0.0
2762,371613,0.0
2763,369315,0.0
2764,356774,0.0
2765,374914,0.0
2766,374604,0.0
2767,367336,0.0
2768,354798,0.009620396779225234
2769,352658,0.013482537985110099
2770,363773,0.0
2771,356408,0.0
2772,375912,0.0
2773,356420,0.03894485363324447
2774,354470,0.0
2775,375147,0.0
2776,358444,0.0
2777,356746,0.013833962962675856
2778,369810,0.0
2779,369034,0.0
2780,364006,0.0
2781,378384,0.0
2782,354850,0.0
2783,362005,0.012359651175814149
2784,352488,0.0
2785,368718,0.0
2786,355884,0.0527059491606138
2787,374764,0.0
2788,363307,0.0
2789,374432,0.0
2790,365191,0.0
2791,363123,0.0
2792,377779,0.0
2793,358620,0.0
2794,365126,0.0
2795,362701,0.08300916759632841
2796,368196,0.0
2797,354675,0.0
2798,376477,0.0
2799,354658,0.0
2800,352501,0.0
2801,360290,0.0
2802,378101,0.0
2803,369450,0.0
2804,361313,0.07630253625971709
2805,376116,0.0
2806,371772,0.0
2807,363755,0.0
2808,356052,0.043122879956595944
2809,366078,0.0
2810,369631,0.0
2811,356779,0.0
2812,372556,0.0
2813,356634,0.0
2814,375918,0.0
2815,365009,0.025989458953615843
2816,371584,0.0
2817,361234,0.0
2818,378409,0.0
2819,363914,0.0
2820,357889,0.0
2821,360839,0.3552621643551923
2822,364478,0.3364021890945457
2823,369470,0.0
2824,367551,0.0
2825,357484,0.0
2826,354795,0.0
2827,360406,0.0
2828,365900,0.0
2829,365776,0.0
2830,372085,0.0
2831,354039,0.0
2832,377766,0.0
2833,362175,0.3552621643551923
2834,359650,0.043122879956595944
2835,363465,0.0
2836,363282,0.028669344343271067
2837,357493,0.0
2838,354807,0.0
2839,372107,0.0
2840,362246,0.0
2841,372282,0.0
2842,376865,0.0
2843,367536,0.0
2844,363154,0.03236015170072872
2845,365314,0.0
2846,361547,0.0
2847,375285,0.0
2848,374556,0.0
2849,360598,0.0
2850,373480,0.0
2851,377931,0.0
2852,365602,0.0
2853,367495,0.0
2854,357513,0.0
2855,368289,0.0
2856,370249,0.0
2857,366870,0.0
2858,373445,0.0
2859,365437,0.0
2860,374139,0.0
2861,367384,0.0
2862,357285,0.0
2863,356944,0.01676690288517419
2864,371255,0.0
2865,366107,0.0
2866,357441,0.0
2867,364167,0.04484365957199514
2868,357067,0.0
2869,370545,0.0
2870,372534,0.0
2871,360075,0.0
2872,368973,0.0
2873,372125,0.0
2874,364194,0.012359651175814149
2875,371597,0.0
2876,373106,0.0
2877,365594,0.0
2878,366098,0.0
2879,367566,0.0
2880,366263,0.0
2881,359113,0.0
2882,371105,0.0
2883,377618,0.0
2884,366100,0.0
2885,370929,0.0
2886,360269,0.0
2887,356614,0.0
2888,376233,0.0
2889,363033,0.25253994585841055
2890,355178,0.0
2891,367400,0.0
2892,353556,0.0
2893,354855,0.0
2894,367910,0.0
2895,354401,0.0
2896,355417,0.0
2897,354817,0.039375984938465294
2898,361290,0.0
2899,369476,0.0
2900,376243,0.0
2901,360646,0.0
2902,376486,0.0
2903,366101,0.0
2904,354022,0.0
2905,357094,0.0
2906,373928,0.0
2907,368256,0.0
2908,354826,0.0
2909,359782,0.0
2910,373447,0.0
2911,366860,0.0
2912,369588,0.0
2913,366804,0.0
2914,368433,0.0
2915,361718,0.1554099044646512
2916,359784,0.0
2917,375599,0.0
2918,361828,0.036215204995989354
2919,361306,0.03974274347739412
2920,364721,0.3552621643551923
2921,369586,0.0
2922,357091,0.0
2923,364999,0.1406381719607129
2924,362918,0.0
2925,367522,0.0
2926,366974,0.0
2927,373823,0.0
2928,375195,0.0
2929,371657,0.0
2930,361263,0.18406648085492225
2931,365747,0.0
2932,358600,0.15216480259904197
2933,356390,0.0
2934,364182,0.0462742551266296
2935,353587,0.0
2936,376120,0.0
2937,364251,0.012359651175814149
2938,373824,0.0
2939,363730,0.0462742551266296
2940,363288,0.0
2941,362243,0.010647064155341808
2942,355741,0.0
2943,355677,0.10094450982807697
2944,359223,0.0
2945,368594,0.0
2946,360827,0.0
2947,371621,0.0
2948,355565,0.0
2949,370701,0.0
2950,375622,0.0
2951,365867,0.0
2952,360951,0.0
2953,356057,0.0
2954,374602,0.0
2955,367920,0.0
2956,360260,0.0
2957,358237,0.0
2958,372877,0.0
2959,371593,0.0
2960,360597,0.0
2961,364048,0.039375984938465294
2962,357893,0.0
2963,355166,0.03894485363324447
2964,372326,0.0
2965,375908,0.0
2966,353229,0.0
2967,370103,0.0
2968,368402,0.0
2969,369180,0.0
2970,355168,0.015406332076389908
2971,372103,0.0
2972,367898,0.0
2973,375126,0.0
2974,367735,0.0
2975,359272,0.0
2976,368677,0.0
2977,369174,0.0
2978,368012,0.0
2979,374576,0.0
2980,373953,0.0
2981,369308,0.0
2982,354452,0.0
2983,370209,0.0
2984,365187,0.0
2985,363757,0.12875134671660082
2986,378414,0.0
2987,377807,0.0
2988,355678,0.0
2989,370147,0.0
2990,367220,0.0
2991,374558,0.0
2992,375294,0.0
2993,370270,0.0
2994,352305,0.0
2995,372557,0.0
2996,372133,0.0
2997,357907,0.0
2998,358256,0.01865701045863441
2999,358956,0.0
3000,352280,0.0
3001,358213,0.0
3002,358693,0.013482537985110099
3003,372110,0.0
3004,373472,0.0
3005,376191,0.0
3006,355633,0.0
3007,357093,0.0
3008,368240,0.0
3009,362220,0.0
3010,362477,0.0
3011,362717,0.008496050567836607
3012,371097,0.0
3013,359222,0.0
3014,358988,0.0
3015,372102,0.0
3016,372249,0.0
3017,354796,0.0
3018,357688,0.03894485363324447
3019,366665,0.0
3020,356187,0.0
3021,354978,0.0
3022,372895,0.0
3023,368403,0.0
3024,367214,0.0
3025,364643,0.10768179341861589
3026,356757,0.0
3027,369549,0.0
3028,361556,0.015347292799579054
3029,352816,0.3766384142177738
3030,375857,0.0
3031,374905,0.0
3032,361459,0.0
3033,369006,0.0
3034,367192,0.0
3035,368839,0.0
3036,365462,0.0
3037,375318,0.0
3038,375781,0.0
3039,376878,0.0
3040,360810,0.03974274347739412
3041,377471,0.0
3042,371362,0.0
3043,365434,0.0
3044,352494,0.0
3045,363467,0.0
3046,356617,0.0
3047,373468,0.0
3048,363759,0.0
3049,372736,0.0
3050,376454,0.0
3051,352320,0.0
3052,368415,0.0
3053,367005,0.0
3054,362127,0.0
3055,367908,0.0
3056,362941,0.15339603873723032
3057,358592,0.011158478109095713
3058,364722,0.008705083269456794
3059,374289,0.0
3060,373681,0.0
3061,373653,0.0
3062,371788,0.0
3063,359849,0.0
3064,378419,0.0
3065,359385,0.0
3066,368864,0.0
3067,352871,0.0
3068,368600,0.0
3069,360064,0.0
3070,367884,0.0
3071,355532,0.0
3072,374787,0.0
3073,368061,0.0
3074,366706,0.0
3075,367886,0.0
3076,372232,0.0
3077,375040,0.0
3078,360513,0.3513511803366966
3079,365168,0.0
3080,363315,0.014958007715234097
3081,352301,0.012522698096017684
3082,366205,0.0
3083,353030,0.0
3084,357098,0.0
3085,376886,0.0
3086,359851,0.0
3087,355745,0.03234265584343801
3088,367613,0.0
3089,361863,0.0
3090,354014,0.027334878610788732
3091,358452,0.0
3092,372340,0.0
3093,366509,0.0
3094,367571,0.0
3095,363906,0.039375984938465294
3096,378396,0.0
3097,371084,0.0
3098,372902,0.0
3099,365534,0.0
3100,378251,0.0
3101,369599,0.0
3102,356594,0.20144219697442228
3103,378405,0.0
3104,353054,0.0
3105,375301,0.0
3106,354847,0.04766606547668074
3107,363453,0.0
3108,370737,0.0
3109,358602,0.024568049018708724
3110,376083,0.0
3111,361847,0.0
3112,358193,0.0
3113,372898,0.0
3114,361855,0.0
3115,352316,0.0
3116,360043,0.0
3117,373816,0.0
3118,356602,0.27794655672094476
3119,360730,0.037486397299795075
3120,364493,0.10094450982807697
3121,368222,0.0
3122,365442,0.0
3123,352874,0.0
3124,353198,0.0
3125,371065,0.0
3126,370288,0.0
3127,362486,0.0
3128,368085,0.0
3129,368425,0.0
3130,371633,0.0
3131,368834,0.0
3132,375166,0.0
3133,358463,0.0
3134,373827,0.0
3135,357475,0.014958007715234097
3136,373965,0.0
3137,374296,0.0
3138,356304,0.03894485363324447
3139,377629,0.0
3140,365751,0.0
3141,373123,0.0
3142,372743,0.0
3143,367932,0.0
3144,367540,0.0
3145,362245,0.0462742551266296
3146,364976,0.3552621643551923
3147,374327,0.0
3148,366930,0.0
3149,358232,0.0
3150,368432,0.0
3151,364963,0.10283865655057699
3152,369798,0.0
3153,366871,0.0
3154,366515,0.0
3155,369546,0.0
3156,375473,0.0
3157,355193,0.0
3158,375310,0.0
3159,366066,0.0
3160,358466,0.0
3161,358709,0.03974274347739412
3162,362824,0.01865701045863441
3163,355152,0.30164041931009866
3164,372711,0.0
3165,377638,0.0
3166,370891,0.0
3167,368559,0.0
3168,367879,0.0
3169,362155,0.018951624175629553
3170,357314,0.0
3171,371079,0.0
3172,372096,0.0
3173,360976,0.009620396779225234
3174,359681,0.0
3175,376504,0.0
3176,353831,0.04766606547668074
3177,353596,0.0
3178,354967,0.04307925510853854
3179,355201,0.3766384142177738
3180,373469,0.0
3181,373371,0.0
3182,361463,0.0
3183,356776,0.3766384142177738
3184,356186,0.04227857291625763
3185,376512,0.0
3186,369805,0.0
3187,372241,0.0
3188,375048,0.0
3189,360402,0.0
3190,357670,0.0
3191,371387,0.0
3192,362132,0.0
3193,360590,0.0
3194,375452,0.0
3195,355182,0.03974274347739412
3196,370164,0.0
3197,364480,0.044353356799123424
3198,374927,0.0
3199,362219,0.3364021890945457
3200,362926,0.0
3201,377183,0.0
3202,364309,0.3513511803366966
3203,369487,0.0
3204,370257,0.0
3205,364044,0.0
3206,371281,0.0
3207,362470,0.0
3208,356189,0.010647064155341808
3209,376832,0.0
3210,367753,0.0
3211,355458,0.039375984938465294
3212,358736,0.04484365957199514
3213,367711,0.0
3214,370573,0.0
3215,359603,0.0
3216,378083,0.0
3217,364961,0.00807687322596356
3218,361294,0.0
3219,373984,0.0
3220,354950,0.0
3221,370910,0.0
3222,368720,0.0
3223,369004,0.0
3224,373258,0.0
3225,372331,0.0
3226,358836,0.0
3227,354652,0.0
3228,363153,0.0
3229,352660,0.060629392725998675
3230,359361,0.0
3231,369804,0.0
3232,361709,0.024568049018708724
3233,356386,0.044353356799123424
3234,357850,0.018951624175629553
3235,364776,0.013727811703027221
3236,365167,0.0
3237,372323,0.0
3238,375924,0.0
3239,361849,0.0
3240,376323,0.0
3241,374455,0.0
3242,376888,0.0
3243,372769,0.0
3244,374316,0.0
3245,353178,0.04307925510853854
3246,374603,0.0
3247,367363,0.0
3248,375321,0.0
3249,376839,0.0
3250,367926,0.0
3251,370188,0.0
3252,374259,0.0
3253,354449,0.0
3254,356426,0.040641476798206407
3255,364633,0.3766384142177738
3256,364030,0.0
3257,369017,0.0
3258,372226,0.0
3259,366994,0.0
3260,356600,0.24821844575210147
3261,376096,0.0
3262,367215,0.0
3263,370885,0.0
3264,355759,0.16488529410055766
3265,360581,0.03503846734922887
3266,361312,0.0
3267,367553,0.0
3268,352520,0.0
3269,362724,0.0
3270,367887,0.0
3271,362003,0.0
3272,366986,0.0
3273,362869,0.0
3274,355203,0.0
3275,370552,0.0
3276,361114,0.15018551064230465
3277,353084,0.13179010005469582
3278,373380,0.0
3279,373248,0.0
3280,369605,0.0
3281,369151,0.0
3282,360556,0.03894485363324447
3283,368750,0.0
3284,359130,0.044353356799123424
3285,358624,0.0
3286,358265,0.0
3287,356932,0.0
3288,375454,0.0
3289,361827,0.0
3290,369788,0.0
3291,357709,0.0
3292,375594,0.0
3293,358438,0.0
3294,368290,0.0
3295,358206,0.0
3296,375284,0.0
3297,365324,0.0
3298,370251,0.0
3299,366865,0.0
3300,359132,0.0
3301,377713,0.0
3302,355917,0.0
3303,356606,0.0
3304,366844,0.0
3305,371228,0.0
3306,368230,0.0
3307,361685,0.012359651175814149
3308,373428,0.0
3309,355794,0.0
3310,369938,0.0
3311,358431,0.07690337075503131
3312,359625,0.012359651175814149
3313,369448,0.0
3314,358833,0.044353356799123424
3315,355395,0.0
3316,363479,0.0
3317,373822,0.0
3318,369790,0.0
3319,376896,0.0
3320,372805,0.0
3321,364179,0.0
3322,371629,0.0
3323,365759,0.0
3324,368988,0.0
3325,361551,0.3552621643551923
3326,378240,0.0
3327,357282,0.0
3328,361262,0.0
3329,377362,0.0
3330,354938,0.013727811703027221
3331,355769,0.0
3332,362101,0.099544591889349
3333,362301,0.027334878610788732
3334,376489,0.0
3335,364462,0.09188324010484435
3336,368373,0.0
3337,376326,0.0
3338,362176,0.0
3339,368392,0.0
3340,368248,0.0
3341,364172,0.3552621643551923
3342,366087,0.0
3343,367233,0.0
3344,371774,0.0
3345,376754,0.0
3346,370210,0.0
3347,363754,0.0
3348,356421,0.3552621643551923
3349,371643,0.0
3350,375904,0.0
3351,368411,0.0
3352,377958,0.0
3353,366278,0.0
3354,365591,0.0
3355,371819,0.0
3356,367408,0.0
3357,354143,0.0
3358,370246,0.0
3359,369987,0.0
3360,359135,0.0
3361,367561,0.0
3362,361569,0.17110820368419433
3363,369178,0.0
3364,367173,0.0
3365,356911,0.0
3366,373963,0.0
3367,356890,0.008705083269456794
3368,375760,0.0
3369,356044,0.008216137475581227
3370,373267,0.0
3371,359270,0.04307925510853854
3372,370567,0.0
3373,357223,0.0
3374,372965,0.0
3375,355895,0.0
3376,374751,0.0
3377,366505,0.0
3378,352493,0.0
3379,356182,0.0
3380,353885,0.0
3381,357527,0.0
3382,376359,0.0
3383,363480,0.039826894188000894
3384,357902,0.0
3385,354468,0.008705083269456794
3386,356065,0.3364021890945457
3387,358734,0.0
3388,366869,0.0
3389,363866,0.0
3390,363319,0.04289115349386179
3391,371094,0.0
3392,374940,0.0
3393,361006,0.012359651175814149
3394,374607,0.0
3395,373466,0.0
3396,363898,0.011287624820389267
3397,367754,0.0
3398,367413,0.0
3399,352302,0.0
3400,364203,0.0
3401,365599,0.0
3402,368413,0.0
3403,365189,0.0
3404,358742,0.0
3405,352865,0.0
3406,368192,0.0
3407,357288,0.030272848857858674
3408,358984,0.0
3409,357869,0.22241129941387053
3410,367532,0.0
3411,359507,0.0
3412,366092,0.0
3413,366983,0.0
3414,365597,0.0
3415,354459,0.0
3416,370280,0.0
3417,377365,0.0
3418,363161,0.0
3419,368838,0.0
3420,378054,0.0
3421,371088,0.0
3422,362473,0.0
3423,374581,0.0
3424,367699,0.0
3425,377901,0.0
3426,355567,0.0
3427,363752,0.0
3428,352344,0.0
3429,364631,0.27794655672094476
3430,358282,0.0
3431,374739,0.0
3432,357883,0.0
3433,363121,0.0
3434,360395,0.04484365957199514
3435,360594,0.24821844575210147
3436,376876,0.0
3437,358157,0.04766606547668074
3438,362734,0.0
3439,370565,0.0
3440,360645,0.0462742551266296
3441,370584,0.0
3442,354044,0.0
3443,375896,0.0
3444,371778,0.0
3445,362461,0.0
3446,364032,0.0
3447,375037,0.0
3448,367740,0.0
3449,356569,0.0
3450,377735,0.0
3451,376350,0.0
3452,376912,0.0
3453,356387,0.0
3454,357863,0.0
3455,368569,0.0
3456,375922,0.0
3457,356369,0.0334720247228428
3458,362230,0.0
3459,354576,0.0
3460,376112,0.0
3461,358467,0.0
3462,376234,0.0
3463,356756,0.03595315847898398
3464,356033,0.012359651175814149
3465,366650,0.0
3466,371813,0.0
3467,376993,0.0
3468,373515,0.0
3469,354962,0.07630253625971709
3470,369274,0.0
3471,366124,0.0
3472,364978,0.027334878610788732
3473,359860,0.0
3474,375303,0.0
3475,368731,0.0
3476,365570,0.0
3477,370542,0.0
3478,371376,0.0
3479,370158,0.0
3480,366886,0.0
3481,375264,0.0
3482,362872,0.0
3483,374078,0.0
3484,366097,0.0
3485,357077,0.0
3486,360575,0.02460464984418294
3487,353227,0.0
3488,358061,0.0
3489,364699,0.039826894188000894
3490,358223,0.0
3491,369978,0.0
3492,368421,0.0
3493,374928,0.0
3494,375588,0.0
3495,366850,0.0
3496,367902,0.0
3497,356565,0.0
3498,362929,0.0
3499,361012,0.04307925510853854
3500,375295,0.0
3501,370577,0.0
3502,361861,0.0
3503,372554,0.0
3504,368604,0.0
3505,358269,0.0
3506,353166,0.010647064155341808
3507,377331,0.0
3508,362223,0.0
3509,367189,0.0
3510,359495,0.0
3511,374788,0.0
3512,360226,0.0
3513,363697,0.0
3514,363338,0.0
3515,370098,0.0
3516,371586,0.0
3517,363696,0.0
3518,365440,0.0
3519,352470,0.0
3520,376333,0.0
3521,374448,0.0
3522,378071,0.0
3523,378189,0.0
3524,360855,0.037486397299795075
3525,374313,0.0
3526,365609,0.0
3527,355563,0.0
3528,359494,0.0
3529,370181,0.0
3530,357887,0.0
3531,362284,0.0
3532,366276,0.0
3533,357112,0.0
3534,359673,0.0
3535,367015,0.0
3536,362149,0.0
3537,353075,0.012359651175814149
3538,366843,0.0
3539,367565,0.0
3540,359370,0.0
3541,363129,0.0
3542,355905,0.0
3543,371370,0.0
3544,363146,0.022969859879549737
3545,363160,0.0
3546,357347,0.0
3547,356119,0.03974274347739412
3548,357103,0.0
3549,355559,0.0
3550,374755,0.0
3551,366105,0.0
3552,365408,0.0
3553,369159,0.0
3554,375453,0.0
3555,355671,0.0
3556,361460,0.0
3557,357058,0.0
3558,354415,0.014958007715234097
3559,368238,0.0
3560,371294,0.0
3561,357068,0.0
3562,368558,0.0
3563,354672,0.04594699915250508
3564,361575,0.0
3565,370693,0.0
3566,371780,0.0
3567,370553,0.0
3568,373974,0.0
3569,367695,0.0
3570,354234,0.012775628091380381
3571,366692,0.0
3572,353578,0.0
3573,360955,0.027334878610788732
3574,362203,0.0
3575,364311,0.04337165639218969
3576,372875,0.0
3577,362214,0.03974274347739412
3578,371035,0.0
3579,364479,0.15216480259904197
3580,357286,0.0
3581,353403,0.0
3582,373623,0.0
3583,369191,0.0
3584,370274,0.0
3585,358005,0.3513511803366966
3586,369976,0.0
3587,372128,0.0
3588,375191,0.0
3589,369463,0.0
3590,358844,0.13179010005469582
3591,376094,0.0
3592,369942,0.0
3593,365783,0.0
3594,375903,0.0
3595,365607,0.0
3596,374912,0.0
3597,374931,0.0
3598,355734,0.0
3599,355523,0.0
3600,364995,0.24821844575210147
3601,376680,0.0
3602,364314,0.0
3603,375621,0.0
3604,368590,0.0
3605,354235,0.0
3606,376674,0.0
3607,361432,0.0461643005880358
3608,376487,0.0
3609,376046,0.0
3610,364022,0.0
3611,359626,0.0
3612,362480,0.0
3613,355792,0.0
3614,358842,0.0
3615,374783,0.0
3616,368265,0.0
3617,366523,0.0
3618,364036,0.0
3619,368978,0.0
3620,354027,0.0
3621,369152,0.0
3622,359389,0.014548953353586568
3623,370381,0.0
3624,363923,0.03974274347739412
3625,352508,0.3766384142177738
3626,376449,0.0
3627,359827,0.0
3628,368266,0.0
3629,358006,0.0
3630,372964,0.0
3631,364333,0.0
3632,364775,0.27794655672094476
3633,365784,0.0
3634,361720,0.0
3635,356777,0.0
3636,356070,0.0
3637,369422,0.0
3638,361999,0.040112615554964086
3639,360278,0.0
3640,352282,0.0
3641,366240,0.0
3642,371074,0.0
3643,355134,0.03974274347739412
3644,362144,0.3364021890945457
3645,356959,0.0
3646,353558,0.009620396779225234
3647,354958,0.0
3648,362860,0.00980874581172492
3649,374906,0.0
3650,360271,0.3552621643551923
3651,374773,0.0
3652,360582,0.03990533049451086
3653,353416,0.0
3654,371089,0.0
3655,376422,0.0
3656,370558,0.0
3657,358059,0.0
3658,356953,0.0
3659,354801,0.04484365957199514
3660,364320,0.0
3661,360468,0.0
3662,365616,0.0
3663,368587,0.0
3664,370169,0.0
3665,372259,0.0
3666,376488,0.0
3667,377448,0.0
3668,356225,0.0
3669,376670,0.0
3670,370748,0.0
3671,352699,0.0
3672,356183,0.0
3673,364996,0.018951624175629553
3674,362174,0.0
3675,362449,0.018951624175629553
3676,366495,0.0
3677,372673,0.0
3678,356960,0.010647064155341808
3679,373658,0.0
3680,367338,0.0
3681,359960,0.027259177698430274
3682,371378,0.0
3683,376328,0.0
3684,378306,0.0
3685,372815,0.0
3686,366058,0.0
3687,372346,0.0
3688,356771,0.04263863273742797
3689,362928,0.0
3690,357897,0.16313159468933344
3691,369305,0.0
3692,359400,0.2968123493976818
3693,352331,0.012359651175814149
3694,365416,0.0
3695,360287,0.0
3696,362925,0.009620396779225234
3697,357101,0.0
3698,353045,0.0
3699,361826,0.04331756178233129
3700,367512,0.0
3701,362895,0.037486397299795075
3702,356753,0.04766606547668074
3703,359488,0.0
3704,373113,0.0
3705,368252,0.0
3706,354421,0.0
3707,368409,0.0
3708,375761,0.0
3709,362241,0.008431465901533385
3710,361140,0.0
3711,373102,0.0
3712,372688,0.0
3713,377576,0.0
3714,361124,0.0
3715,369638,0.0
3716,369345,0.0
3717,370250,0.0
3718,353080,0.0
3719,356388,0.0
3720,365267,0.0
3721,371656,0.0
3722,358260,0.0
3723,354939,0.3552621643551923
3724,353833,0.0
3725,353550,0.0
3726,367236,0.0
3727,359253,0.0
3728,367573,0.0
3729,364718,0.1584739783381165
3730,375469,0.0
3731,375921,0.0
3732,355527,0.014548953353586568
3733,363168,0.3552621643551923
3734,360251,0.009620396779225234
3735,363038,0.00702689024442526
3736,368727,0.0
3737,361269,0.1584739783381165
3738,355413,0.0
3739,368849,0.0
3740,371751,0.0
3741,354606,0.08300916759632841
3742,375194,0.0
3743,358981,0.0
3744,362469,0.03089878163731889
3745,364031,0.04307925510853854
3746,374447,0.0
3747,368253,0.0
3748,365431,0.0
3749,359853,0.0
3750,360294,0.0
3751,370272,0.0
3752,368424,0.0
3753,367928,0.0
3754,373439,0.0
3755,364472,0.3402340538848487
3756,359831,0.0
3757,368410,0.0
3758,353043,0.0
3759,355748,0.0
3760,365443,0.0
3761,367720,0.0
3762,375625,0.0
3763,368438,0.0
3764,355770,0.0
3765,367918,0.0
3766,374119,0.0
3767,361129,0.0
3768,364305,0.0
3769,355123,0.039375984938465294
3770,367399,0.0
3771,359956,0.0
3772,352522,0.0
3773,355679,0.0
3774,374605,0.0
3775,365199,0.0
3776,375465,0.0
3777,353247,0.0
3778,360230,0.0
3779,371551,0.0
3780,376892,0.0
3781,358459,0.0
3782,368186,0.0
3783,373821,0.0
3784,371262,0.0
3785,354430,0.0
3786,354756,0.0
3787,376081,0.0
3788,356180,0.0
3789,369969,0.0
3790,357525,0.0
3791,371638,0.0
3792,352710,0.0
3793,368218,0.0
3794,364628,0.15999458794227206
3795,369817,0.0
3796,374465,0.0
3797,358625,0.0
3798,359608,0.0
3799,352495,0.19776374139839642
3800,365740,0.0
3801,361150,0.0
3802,356642,0.0
3803,361028,0.03974274347739412
3804,365608,0.0
3805,373120,0.0
3806,354423,0.0118727094534602
3807,359391,0.0
3808,360273,0.0
3809,357510,0.0
3810,368657,0.0
3811,369613,0.0
3812,374310,0.0
3813,367537,0.0
3814,361287,0.0
3815,374427,0.0
3816,368976,0.0
3817,376345,0.0
3818,362451,0.0
3819,363124,0.0
3820,356610,0.3552621643551923
3821,373453,0.0
3822,377494,0.0
3823,377460,0.0
3824,370267,0.0
3825,363147,0.0
3826,376649,0.0
3827,359858,0.0
3828,377776,0.0
3829,356413,0.0
3830,368700,0.0
3831,366673,0.0
3832,357474,0.05921939762502523
3833,358610,0.0
3834,377924,0.0
3835,357904,0.0
3836,363583,0.0
3837,369824,0.0
3838,357275,0.0
3839,377350,0.0
3840,371595,0.0
3841,353051,0.00980874581172492
3842,357676,0.0
3843,371792,0.0
3844,360534,0.012522698096017684
3845,364485,0.037486397299795075
3846,363155,0.0
3847,368710,0.0
3848,358067,0.0
3849,372119,0.0
